cluster_id,lat,lon,violation_count,police_station,primary_violation,heavy_pct,repeat_pct,junction_pct,top_hours,spillover_index,persistence_index,zone_risk_index,zone_type,active_days,petrol_pump_reduction,petrol_pump_new_risk,location_sample
4,12.981052,77.610197,622,Shivajinagar,WRONG PARKING,0.3,28.5,100.0,"[5, 4, 6]",5.87,6.27,6.1,SEMI-CHRONIC,94,75,5.37,"Dickenson Road, Sri Nagamma Devi Circle, Sivanchetti Gardens, Bengaluru, Karnata"
27,12.977228,77.576466,340,Upparpet,NO PARKING,0.0,32.9,100.0,"[3, 1, 5]",5.17,5.0,5.93,SEMI-CHRONIC,75,41,5.22,"6th Main Road, RK Puram, Gandhi Nagar, Bengaluru, Karnataka. Pin-560009 (India)"
40,12.981102,77.598456,181,Shivajinagar,WRONG PARKING,0.6,64.6,100.0,"[3, 23, 22]",3.82,3.4,5.91,SEMI-CHRONIC,51,22,5.2,"Cunningham Road, Mantri Altiue Apartment, Shivaji Nagar, Bengaluru, Karnataka. P"
25,13.035341,77.589048,346,Hebbala,NO PARKING,0.3,33.8,0.0,"[5, 3, 23]",3.87,6.2,5.0,SEMI-CHRONIC,93,42,4.4,"Bellary Road, Vinayaka Nagar, Hebbal, Bengaluru, Karnataka. Pin-560024 (India)"
32,12.973507,77.579299,162,Upparpet,NO PARKING,0.0,24.1,100.0,"[4, 3, 5]",4.14,3.67,4.88,SEMI-CHRONIC,55,19,4.29,"3rd Cross Road, Kempegowda Extension, Chickpete, Bengaluru, Karnataka. Pin-56000"
7,12.982097,77.606444,104,Shivajinagar,WRONG PARKING,0.0,70.2,100.0,"[4, 2, 5]",4.25,1.07,4.55,SPORADIC,16,12,4.0,"Hospital Cross Road, Tasker Town, Shivaji Nagar, Bengaluru, Karnataka. Pin-56000"
12,12.96491,77.538791,165,Vijayanagara,WRONG PARKING,0.0,3.6,100.0,"[21, 5, 6]",4.18,3.73,4.53,SEMI-CHRONIC,56,20,3.99,"Sri Sankasta Hara Ganapati Temple Road, RPC Layout, Vijaya Nagar Stage 2, Bengal"
55,12.980987,77.607687,113,Shivajinagar,NO PARKING,0.0,43.4,100.0,"[5, 6, 3]",4.48,2.93,4.45,SPORADIC,44,14,3.92,"Main Guard Cross Road, Tasker Town, Shivaji Nagar, Bengaluru, Karnataka. Pin-560"
72,12.981208,77.609562,74,Shivajinagar,NO PARKING,0.0,52.7,100.0,"[4, 5, 2]",4.28,2.47,3.96,SEMI-CHRONIC,37,9,3.48,"Mariamma Lane, Sri Nagamma Devi Circle, Sivanchetti Gardens, Bengaluru, Karnatak"
147,12.991273,77.588548,67,High ground,WRONG PARKING,0.0,67.2,100.0,"[22, 21, 23]",2.96,2.0,3.94,SEMI-CHRONIC,30,8,3.47,"Palace Road, Kalpana Circle, Vasant Nagar, Bengaluru, Karnataka. Pin-560001 (Ind"
3,12.964066,77.576808,117,City Market,WRONG PARKING,0.0,18.8,100.0,"[17, 20, 19]",3.32,2.87,3.89,SEMI-CHRONIC,43,14,3.42,"KR Main Road, City Market Circle, Bengaluru, Karnataka. Pin-560002 (India)"
110,12.974606,77.545219,58,Vijayanagara,WRONG PARKING,0.0,67.2,100.0,"[23, 1, 22]",2.85,1.33,3.7,SEMI-CHRONIC,20,7,3.26,"1st Cross Road, Manuvana, Vijaya Nagar, Bengaluru, Karnataka. Pin-560040 (India)"
116,12.972815,77.578981,53,Upparpet,NO PARKING,0.0,56.6,100.0,"[22, 3, 0]",4.13,2.07,3.65,SEMI-CHRONIC,31,6,3.21,"3rd Cross Road, Kempegowda Extension, Chickpete, Bengaluru, Karnataka. Pin-56000"
16,12.983966,77.603689,99,Shivajinagar,WRONG PARKING,0.0,15.2,100.0,"[5, 4, 6]",4.26,2.8,3.63,SPORADIC,42,12,3.19,"Central Street, Shivaji Nagar, Bengaluru, Karnataka. Pin-560001 (India)"
74,12.964621,77.576258,89,City Market,WRONG PARKING,0.0,24.7,100.0,"[3, 0, 4]",3.86,2.07,3.53,SPORADIC,31,11,3.11,"Mysore Road, Sri Krishna Rajendra Market, Chickpete, Bengaluru, Karnataka. Pin-5"
78,12.96995,77.575717,86,City Market,WRONG PARKING,0.0,18.6,100.0,"[2, 23, 7]",4.01,3.13,3.53,SEMI-CHRONIC,47,10,3.11,"Mutha department stores, 29, B.V.K. Iyengar Road, Balepet, Chikkapete, Chickpete"
73,12.98097,77.61051,73,Shivajinagar,WRONG PARKING,1.4,32.9,100.0,"[5, 4, 6]",3.66,2.33,3.49,SEMI-CHRONIC,35,9,3.07,"Dickenson Road, Sri Nagamma Devi Circle, Sivanchetti Gardens, Bengaluru, Karnata"
30,13.184271,77.679766,93,Chikkajala,NO PARKING,60.2,9.7,0.0,"[19, 6, 7]",4.21,3.47,3.43,SEMI-CHRONIC,52,11,3.02,"Unnamed Road, Begur Chikkanahalli, Bengaluru, Karnataka. Pin-562149 (India)"
17,12.999177,77.548612,28,Rajajinagar,WRONG PARKING,0.0,100.0,100.0,[0],0.0,0.07,3.43,SEMI-CHRONIC,1,3,3.02,"10th Cross Road, Block 1, Rajaji Nagar, Bengaluru, Karnataka. Pin-560010 (India)"
35,12.971712,77.658088,129,Jeevanbheemanagar,NO PARKING,0.0,28.7,0.0,"[2, 1, 5]",3.86,3.4,3.4,SEMI-CHRONIC,51,15,2.99,"Pusa Thippasandra Main Road, Nada Prabhu Kempegowda Circle, New Thippasandra, Be"
204,12.974394,77.545552,26,Vijayanagara,NO PARKING,0.0,69.2,100.0,"[0, 3, 2]",4.67,0.8,3.36,SEMI-CHRONIC,12,3,2.96,"Chord Road, Manuvana, Vijaya Nagar, Bengaluru, Karnataka. Pin-560040 (India)"
104,12.974553,77.545191,14,Vijayanagara,NO PARKING,0.0,85.7,100.0,"[22, 2, 3]",3.22,0.73,3.36,SEMI-CHRONIC,11,2,2.96,"1st Cross Road, Manuvana, Vijaya Nagar, Bengaluru, Karnataka. Pin-560040 (India)"
19,12.991517,77.588492,24,High ground,WRONG PARKING,0.0,79.2,100.0,"[21, 3, 0]",2.86,0.73,3.34,SEMI-CHRONIC,11,3,2.94,"Palace Road, Kalpana Circle, Vasant Nagar, Bengaluru, Karnataka. Pin-560001 (Ind"
1,12.981338,77.610229,69,Shivajinagar,WRONG PARKING,2.9,21.7,100.0,"[3, 1, 4]",3.4,3.27,3.34,SEMI-CHRONIC,49,8,2.94,"Kamaraj Road, Sri Nagamma Devi Circle, Sivanchetti Gardens, Bengaluru, Karnataka"
99,12.981211,77.598534,21,Shivajinagar,WRONG PARKING,0.0,81.0,100.0,"[3, 2, 6]",2.74,0.8,3.33,SEMI-CHRONIC,12,3,2.93,"Cunningham Road, Mantri Altiue Apartment, Shivaji Nagar, Bengaluru, Karnataka. P"
85,12.92979,77.694947,10,Bellandur,PARKING IN A MAIN ROAD,90.0,90.0,0.0,[23],0.0,0.07,3.31,SEMI-CHRONIC,1,1,2.91,"Panathur Main Road, Mariyappa Layout, Kadubisanahalli, Bengaluru, Karnataka. Pin"
20,12.98404,77.603503,76,Shivajinagar,WRONG PARKING,0.0,18.4,100.0,"[2, 6, 7]",4.25,2.4,3.29,SEMI-CHRONIC,36,9,2.9,"Meenakshi Koil Street, Shivaji Nagar, Bengaluru, Karnataka. Pin-560001 (India)"
6,12.982231,77.606511,37,Shivajinagar,NO PARKING,0.0,67.6,100.0,"[5, 4, 6]",2.47,0.8,3.27,SPORADIC,12,4,2.88,"Dispensary Road, Tasker Town, Shivaji Nagar, Bengaluru, Karnataka. Pin-560001 (I"
135,12.991347,77.588556,13,High ground,WRONG PARKING,0.0,84.6,100.0,"[21, 20, 3]",2.34,0.53,3.2,SEMI-CHRONIC,8,2,2.82,"Palace Road, Kalpana Circle, Vasant Nagar, Bengaluru, Karnataka. Pin-560001 (Ind"
287,12.972901,77.579043,10,Upparpet,NO PARKING,0.0,90.0,100.0,"[5, 23, 4]",2.01,0.27,3.19,SEMI-CHRONIC,4,1,2.81,"3rd Cross Road, Kempegowda Extension, Chickpete, Bengaluru, Karnataka. Pin-56000"
139,12.999078,77.548443,11,Rajajinagar,WRONG PARKING,0.0,100.0,100.0,[1],0.0,0.07,3.18,SEMI-CHRONIC,1,1,2.8,"3rd Main Road, Star Circle, Rajaji Nagar, Bengaluru, Karnataka. Pin-560010 (Indi"
201,12.979684,77.607153,21,Shivajinagar,NO PARKING,0.0,66.7,100.0,"[5, 3, 23]",3.38,0.93,3.13,SEMI-CHRONIC,14,3,2.75,"Main Guard Cross Road, Tasker Town, Shivaji Nagar, Bengaluru, Karnataka. Pin-560"
132,12.974483,77.545208,24,Vijayanagara,WRONG PARKING,0.0,66.7,100.0,"[22, 23, 3]",3.26,0.6,3.11,SEMI-CHRONIC,9,3,2.74,"Chord Road, Manuvana, Vijaya Nagar, Bengaluru, Karnataka. Pin-560040 (India)"
142,12.933571,77.690932,61,HAL Old Airport,NO PARKING,0.0,75.4,0.0,"[3, 22, 4]",4.01,1.8,3.09,SEMI-CHRONIC,27,7,2.72,"New Horizon College Road, New Horizon College of Engineering, Kadubisanahalli, B"
365,13.008444,77.548546,10,Rajajinagar,WRONG PARKING,0.0,80.0,100.0,"[4, 2, 5]",2.46,0.53,3.08,SEMI-CHRONIC,8,1,2.71,"1st Main Road, Block 1R, Rajaji Nagar, Bengaluru, Karnataka. Pin-560010 (India)"
140,12.977293,77.575624,63,Upparpet,NO PARKING,3.2,15.9,100.0,"[4, 5, 22]",3.4,2.87,3.08,SEMI-CHRONIC,43,8,2.71,"Subedar Chatram Road, RK Puram, Gandhi Nagar, Bengaluru, Karnataka. Pin-560009 ("
150,12.973653,77.544581,12,Vijayanagara,WRONG PARKING,0.0,75.0,100.0,"[3, 7, 22]",3.26,0.4,3.07,SEMI-CHRONIC,6,1,2.7,"1st B Main Road, Manuvana, Vijaya Nagar, Bengaluru, Karnataka. Pin-560040 (India"
251,12.974633,77.545152,12,Vijayanagara,WRONG PARKING,0.0,75.0,100.0,"[6, 21, 7]",3.0,0.53,3.06,SEMI-CHRONIC,8,1,2.69,"1st Cross Road, Manuvana, Vijaya Nagar, Bengaluru, Karnataka. Pin-560040 (India)"
273,12.972744,77.578953,23,Upparpet,NO PARKING,0.0,60.9,100.0,"[4, 5, 0]",4.17,0.53,3.06,SEMI-CHRONIC,8,3,2.69,"3rd Cross Road, Kempegowda Extension, Chickpete, Bengaluru, Karnataka. Pin-56000"
45,12.973414,77.550884,74,Magadi Road,NO PARKING,0.0,13.5,100.0,"[6, 7, 5]",3.81,1.87,3.04,SEMI-CHRONIC,28,9,2.68,"Main Road, Mallige Thotta, Cholurpalya, Bengaluru, Karnataka. Pin-560023 (India)"
29,12.964483,77.577093,39,City Market,WRONG PARKING,0.0,43.6,100.0,"[5, 4, 3]",3.51,1.4,3.02,SEMI-CHRONIC,21,5,2.66,"Silver Jubilee Park Road, City Market Circle, Bengaluru, Karnataka. Pin-560002 ("
133,12.977388,77.570761,77,Chamarajpet,NO PARKING,0.0,10.4,100.0,"[2, 20, 0]",3.89,1.67,3.0,SEMI-CHRONIC,25,9,2.64,"Railway Station Road, Majestic Circle, Majestic, Bengaluru, Karnataka. Pin-56002"
344,13.008418,77.548525,12,Rajajinagar,WRONG PARKING,0.0,75.0,100.0,"[4, 5, 22]",2.4,0.53,3.0,SEMI-CHRONIC,8,1,2.64,"1st Main Road, Block 1R, Rajaji Nagar, Bengaluru, Karnataka. Pin-560010 (India)"
100,12.999351,77.548732,14,Rajajinagar,WRONG PARKING,0.0,78.6,100.0,"[1, 3]",1.68,0.27,2.99,SPORADIC,4,2,2.63,"10th Cross Road, Block 1, Rajaji Nagar, Bengaluru, Karnataka. Pin-560010 (India)"
84,12.976743,77.545452,44,Vijayanagara,NO PARKING,0.0,40.9,100.0,"[5, 23, 2]",3.58,0.87,2.97,SEMI-CHRONIC,13,5,2.61,"1st Cross Road, Sindhya Sunshine Apartment, Vijaya Nagar, Bengaluru, Karnataka. "
53,12.975936,77.577277,57,Upparpet,WRONG PARKING,0.0,26.3,100.0,"[4, 2, 5]",3.04,1.93,2.97,SEMI-CHRONIC,29,7,2.61,"5th Main Road, Kempe Gowda Circle, Gandhi Nagar, Bengaluru, Karnataka. Pin-56000"
261,12.980872,77.607739,14,Shivajinagar,WRONG PARKING,0.0,64.3,100.0,"[2, 3, 4]",4.07,0.47,2.97,SPORADIC,7,2,2.61,"Main Guard Cross Road, Tasker Town, Shivaji Nagar, Bengaluru, Karnataka. Pin-560"
77,12.974504,77.54484,10,Vijayanagara,WRONG PARKING,0.0,70.0,100.0,"[21, 5, 22]",3.62,0.33,2.96,SEMI-CHRONIC,5,1,2.6,"1st Cross Road, Manuvana, Vijaya Nagar, Bengaluru, Karnataka. Pin-560040 (India)"
121,12.973444,77.579245,13,Upparpet,WRONG PARKING,0.0,76.9,100.0,"[4, 2]",1.76,0.2,2.94,SEMI-CHRONIC,3,2,2.59,"3rd Cross Road, Kempegowda Extension, Chickpete, Bengaluru, Karnataka. Pin-56000"
113,12.999104,77.549582,19,Rajajinagar,WRONG PARKING,0.0,78.9,100.0,"[1, 3, 0]",0.0,0.4,2.92,SPORADIC,6,2,2.57,"10th Cross Road, Block 1, Rajaji Nagar, Bengaluru, Karnataka. Pin-560010 (India)"
26,12.973013,77.579047,28,Upparpet,NO PARKING,0.0,46.4,100.0,"[23, 5, 0]",3.68,0.93,2.86,SEMI-CHRONIC,14,3,2.52,"3rd Cross Road, Kempegowda Extension, Chickpete, Bengaluru, Karnataka. Pin-56000"
279,12.999767,77.549652,29,Rajajinagar,WRONG PARKING,0.0,48.3,100.0,"[2, 3, 1]",2.73,1.13,2.84,SEMI-CHRONIC,17,3,2.5,"WOC Road, Block 1, Rajaji Nagar, Bengaluru, Karnataka. Pin-560010 (India)"
13,12.964565,77.57639,59,City Market,WRONG PARKING,0.0,15.3,100.0,"[2, 3, 6]",3.74,1.73,2.82,SEMI-CHRONIC,26,7,2.48,"Mysore Road, Sri Krishna Rajendra Market, Chickpete, Bengaluru, Karnataka. Pin-5"
107,12.963744,77.576717,55,City Market,WRONG PARKING,0.0,20.0,100.0,"[19, 17, 18]",3.69,1.53,2.82,SEMI-CHRONIC,23,7,2.48,"KR Main Road, City Market Circle, Bengaluru, Karnataka. Pin-560002 (India)"
220,12.978972,77.580779,19,Upparpet,NO PARKING,0.0,57.9,100.0,"[2, 6, 19]",2.43,0.8,2.81,SEMI-CHRONIC,12,2,2.47,"Vajreshwari Road, Railway Officers Enclave, Gandhi Nagar, Bengaluru, Karnataka. "
57,12.9762,77.578364,14,Upparpet,NO PARKING,0.0,64.3,100.0,"[7, 3, 6]",2.71,0.27,2.81,SEMI-CHRONIC,4,2,2.47,"3rd Main Road, Sri Kanakadasa Circle, Gandhi Nagar, Bengaluru, Karnataka. Pin-56"
391,12.974394,77.545796,10,Vijayanagara,WRONG PARKING,0.0,70.0,100.0,"[3, 22, 0]",2.06,0.27,2.8,SEMI-CHRONIC,4,1,2.46,"Chord Road, Manuvana, Vijaya Nagar, Bengaluru, Karnataka. Pin-560040 (India)"
82,12.974383,77.545351,11,Vijayanagara,NO PARKING,0.0,63.6,100.0,"[3, 2, 22]",3.01,0.2,2.77,SEMI-CHRONIC,3,1,2.44,"Chord Road, Manuvana, Vijaya Nagar, Bengaluru, Karnataka. Pin-560040 (India)"
122,12.973376,77.579238,45,Upparpet,NO PARKING,2.2,22.2,100.0,"[3, 4, 22]",3.85,1.47,2.76,SEMI-CHRONIC,22,5,2.43,"3rd Cross Road, Kempegowda Extension, Chickpete, Bengaluru, Karnataka. Pin-56000"
22,12.981439,77.608685,52,Shivajinagar,WRONG PARKING,1.9,9.6,100.0,"[4, 2, 3]",3.51,2.53,2.73,SEMI-CHRONIC,38,6,2.4,"Dispensary Road, Tasker Town, Shivaji Nagar, Bengaluru, Karnataka. Pin-560001 (I"
31,12.933902,77.690748,61,HAL Old Airport,NO PARKING,0.0,60.7,0.0,"[1, 0, 2]",3.45,1.67,2.72,SPORADIC,25,7,2.39,"New Horizon College Road, New Horizon College of Engineering, Kadubisanahalli, B"
310,12.964488,77.577754,13,City Market,WRONG PARKING,0.0,53.8,100.0,"[3, 7, 0]",3.75,0.47,2.72,SPORADIC,7,2,2.39,"Silver Jubilee Park Road, City Market Circle, Bengaluru, Karnataka. Pin-560002 ("
283,12.973099,77.579079,22,Upparpet,WRONG PARKING,0.0,45.5,100.0,"[23, 1, 3]",3.03,1.13,2.71,SEMI-CHRONIC,17,3,2.38,"3rd Cross Road, Kempegowda Extension, Chickpete, Bengaluru, Karnataka. Pin-56000"
75,12.999213,77.548892,11,Rajajinagar,WRONG PARKING,0.0,45.5,100.0,"[23, 5, 20]",5.2,0.33,2.64,SEMI-CHRONIC,5,1,2.32,"10th Cross Road, Block 1, Rajaji Nagar, Bengaluru, Karnataka. Pin-560010 (India)"
415,12.978429,77.573376,11,Upparpet,WRONG PARKING,27.3,36.4,100.0,"[7, 6, 0]",2.44,0.6,2.64,SEMI-CHRONIC,9,1,2.32,"Major T Ramachandrappa Road, AT Extension, Gandhi Nagar, Bengaluru, Karnataka. P"
48,12.934263,77.690681,20,HAL Old Airport,PARKING IN A MAIN ROAD,0.0,100.0,0.0,"[22, 21]",3.02,0.13,2.62,SPORADIC,2,2,2.31,"New Horizon College Road, New Horizon College of Engineering, Kadubisanahalli, B"
34,12.876294,77.59653,26,Hulimavu,WRONG PARKING,0.0,96.2,0.0,"[0, 3]",2.76,0.13,2.61,SPORADIC,2,3,2.3,"Shri Ramalingeshwara Cave Temple Road, Royal Meenakshi Mall, Hulimavu, Bengaluru"
83,12.999457,77.549582,39,Rajajinagar,WRONG PARKING,0.0,46.2,100.0,"[1, 4, 2]",0.0,0.6,2.6,SPORADIC,9,5,2.29,"10th Cross Road, Block 1, Rajaji Nagar, Bengaluru, Karnataka. Pin-560010 (India)"
187,12.984149,77.603319,36,Shivajinagar,WRONG PARKING,0.0,27.8,100.0,"[4, 3, 5]",2.93,1.4,2.6,SEMI-CHRONIC,21,4,2.29,"Meenakshi Koil Street, Shivaji Nagar, Bengaluru, Karnataka. Pin-560001 (India)"
316,12.972904,77.578981,10,Upparpet,NO PARKING,0.0,60.0,100.0,"[3, 0, 5]",1.96,0.27,2.59,SEMI-CHRONIC,4,1,2.28,"3rd Cross Road, Kempegowda Extension, Chickpete, Bengaluru, Karnataka. Pin-56000"
136,12.984109,77.603387,12,Shivajinagar,NO PARKING,0.0,50.0,100.0,"[6, 5, 23]",2.84,0.67,2.56,SEMI-CHRONIC,10,1,2.25,"Central Street, Shivaji Nagar, Bengaluru, Karnataka. Pin-560001 (India)"
236,12.981557,77.608348,23,Shivajinagar,WRONG PARKING,4.3,30.4,100.0,"[4, 2, 5]",3.62,1.07,2.54,SEMI-CHRONIC,16,3,2.24,"Dispensary Road, Tasker Town, Shivaji Nagar, Bengaluru, Karnataka. Pin-560001 (I"
337,12.981081,77.598357,11,Shivajinagar,NO PARKING,0.0,54.5,100.0,"[23, 22, 3]",2.15,0.4,2.53,SEMI-CHRONIC,6,1,2.23,"Cunningham Road, Coffee Board Junction, Vasant Nagar, Bengaluru, Karnataka. Pin-"
141,12.981376,77.608866,38,Shivajinagar,NO PARKING,7.9,7.9,100.0,"[4, 2, 7]",4.37,1.67,2.53,SEMI-CHRONIC,25,5,2.23,"Dispensary Road, Tasker Town, Shivaji Nagar, Bengaluru, Karnataka. Pin-560001 (I"
237,12.975472,77.576301,48,Upparpet,WRONG PARKING,2.1,8.3,100.0,"[6, 3, 4]",3.43,1.67,2.51,SEMI-CHRONIC,25,6,2.21,"6th Main Road, Kempe Gowda Circle, Gandhi Nagar, Bengaluru, Karnataka. Pin-56000"
94,12.981641,77.608074,17,Shivajinagar,WRONG PARKING,0.0,41.2,100.0,"[5, 4, 0]",3.13,0.8,2.51,SEMI-CHRONIC,12,2,2.21,"Dispensary Road, Tasker Town, Shivaji Nagar, Bengaluru, Karnataka. Pin-560001 (I"
47,13.008734,77.555153,24,Malleshwaram,WRONG PARKING,0.0,37.5,100.0,"[21, 0, 4]",3.0,0.53,2.49,SEMI-CHRONIC,8,3,2.19,"Pipeline Road, Dr Rajkumar Road 17th Cross Junction, Rajaji Nagar, Bengaluru, Ka"
131,13.184407,77.679791,30,Chikkajala,NO PARKING,80.0,13.3,0.0,"[23, 7, 21]",3.55,1.4,2.48,SEMI-CHRONIC,21,4,2.18,"Unnamed Road, Begur Chikkanahalli, Bengaluru, Karnataka. Pin-562149 (India)"
259,12.997479,77.548551,16,Vijayanagara,WRONG PARKING,0.0,43.8,100.0,"[1, 5, 0]",2.42,0.73,2.47,SEMI-CHRONIC,11,2,2.17,"Padmabhushan Dr MC Modi Road, Phase 1, Manjunatha Nagar, Rajaji Nagar, Bengaluru"
203,12.964467,77.577819,14,City Market,WRONG PARKING,0.0,42.9,100.0,"[5, 3, 4]",2.58,0.73,2.43,SEMI-CHRONIC,11,2,2.14,"Silver Jubilee Park Road, City Market Circle, Bengaluru, Karnataka. Pin-560002 ("
109,12.973368,77.55102,38,Magadi Road,NO PARKING,0.0,18.4,100.0,"[6, 1, 4]",3.06,1.27,2.43,SEMI-CHRONIC,19,5,2.14,"1st Cross Road, Mallige Thotta, Cholurpalya, Bengaluru, Karnataka. Pin-560023 (I"
59,12.93974,77.695519,101,HAL Old Airport,PARKING IN A MAIN ROAD,5.0,11.9,0.0,"[1, 4, 2]",4.07,1.07,2.39,SPORADIC,16,12,2.1,"Kadubeesanahalli Underpass, Kadubisanahalli Junction, Kadubisanahalli, Bengaluru"
5,12.977845,77.575399,28,Upparpet,WRONG PARKING,0.0,25.0,100.0,"[5, 3, 6]",2.63,1.33,2.38,SEMI-CHRONIC,20,3,2.09,"Subedar Chatram Road, RK Puram, Gandhi Nagar, Bengaluru, Karnataka. Pin-560009 ("
89,12.933965,77.690767,38,HAL Old Airport,WRONG PARKING,0.0,63.2,0.0,"[4, 0, 3]",3.76,1.07,2.37,SEMI-CHRONIC,16,5,2.09,"New Horizon College Road, New Horizon College of Engineering, Kadubisanahalli, B"
186,12.976845,77.578621,12,Upparpet,NO PARKING,0.0,41.7,100.0,"[19, 2, 5]",2.56,0.67,2.37,SEMI-CHRONIC,10,1,2.09,"Y Ramachandra Road, Sri Kanakadasa Circle, Gandhi Nagar, Bengaluru, Karnataka. P"
224,12.981183,77.610147,13,Shivajinagar,WRONG PARKING,0.0,38.5,100.0,"[4, 2, 5]",2.8,0.8,2.36,SEMI-CHRONIC,12,2,2.08,"Kamaraj Road, Sri Nagamma Devi Circle, Sivanchetti Gardens, Bengaluru, Karnataka"
37,12.974445,77.545511,11,Vijayanagara,NO PARKING,0.0,45.5,100.0,"[2, 6, 21]",2.24,0.33,2.35,SEMI-CHRONIC,5,1,2.07,"Chord Road, Manuvana, Vijaya Nagar, Bengaluru, Karnataka. Pin-560040 (India)"
21,12.928116,77.58065,13,Jayanagara,NO PARKING,0.0,46.2,100.0,"[23, 2, 3]",1.51,0.53,2.35,SEMI-CHRONIC,8,2,2.07,"5th Main Road, Shri Vinayaka Circle, Jayanagar, Bengaluru, Karnataka. Pin-560011"
51,13.071364,77.588089,84,Kodigehalli,WRONG PARKING,0.0,17.9,0.0,"[5, 7, 4]",3.62,2.4,2.34,SEMI-CHRONIC,36,10,2.06,"Sahakar Nagar Road, Fortuna Acacia, Byatarayanapura, Bengaluru, Karnataka. Pin-5"
370,12.984178,77.603618,14,Shivajinagar,NO PARKING,0.0,35.7,100.0,"[22, 4, 5]",3.13,0.67,2.34,SEMI-CHRONIC,10,2,2.06,"Meenakshi Koil Street, Shivaji Nagar, Bengaluru, Karnataka. Pin-560001 (India)"
165,12.976054,77.577368,24,Upparpet,NO PARKING,0.0,25.0,100.0,"[3, 2, 1]",3.27,1.0,2.34,SEMI-CHRONIC,15,3,2.06,"5th Main Road, Kempe Gowda Circle, Gandhi Nagar, Bengaluru, Karnataka. Pin-56000"
152,12.976667,77.577352,29,Upparpet,WRONG PARKING,3.4,17.2,100.0,"[3, 4, 5]",2.91,1.4,2.33,SEMI-CHRONIC,21,3,2.05,"Y Ramachandra Road, Sri Kanakadasa Circle, Gandhi Nagar, Bengaluru, Karnataka. P"
39,12.976153,77.578332,21,Upparpet,NO PARKING,0.0,28.6,100.0,"[3, 1, 23]",3.29,0.67,2.32,SEMI-CHRONIC,10,3,2.04,"3rd Main Road, Sri Kanakadasa Circle, Gandhi Nagar, Bengaluru, Karnataka. Pin-56"
103,12.934102,77.690722,47,HAL Old Airport,PARKING IN A MAIN ROAD,0.0,61.7,0.0,"[23, 22, 0]",2.51,0.87,2.32,SPORADIC,13,6,2.04,"New Horizon College Road, New Horizon College of Engineering, Kadubisanahalli, B"
54,12.964936,77.58404,40,Halasuru Gate,NO PARKING,0.0,7.5,100.0,"[3, 4, 2]",3.45,1.53,2.32,SEMI-CHRONIC,23,5,2.04,"Pailwan M Krishnappa Road, Shoukath Mohalla, Nagartapete, Bengaluru, Karnataka. "
233,12.933033,77.691383,13,HAL Old Airport,NO PARKING,0.0,92.3,0.0,"[0, 21, 3]",2.26,0.27,2.31,SEMI-CHRONIC,4,2,2.03,"New Horizon College Road, Embassy Tech Village, Devara Beesana Halli, Bengaluru,"
146,12.964579,77.576489,19,City Market,WRONG PARKING,0.0,31.6,100.0,"[4, 22, 23]",2.92,0.67,2.31,SEMI-CHRONIC,10,2,2.03,"Mysore Road, Sri Krishna Rajendra Market, Chickpete, Bengaluru, Karnataka. Pin-5"
297,12.97293,77.57903,12,Upparpet,NO PARKING,0.0,41.7,100.0,"[23, 2, 4]",2.22,0.4,2.3,SEMI-CHRONIC,6,1,2.02,"3rd Cross Road, Kempegowda Extension, Chickpete, Bengaluru, Karnataka. Pin-56000"
300,12.976022,77.577327,19,Upparpet,WRONG PARKING,0.0,31.6,100.0,"[5, 4, 7]",2.54,0.8,2.29,SEMI-CHRONIC,12,2,2.02,"5th Main Road, Kempe Gowda Circle, Gandhi Nagar, Bengaluru, Karnataka. Pin-56000"
14,12.983016,77.610766,71,Shivajinagar,NO PARKING,0.0,22.5,0.0,"[5, 6, 4]",4.18,2.4,2.29,SEMI-CHRONIC,36,9,2.02,"Veera Pillai Road, Sri Nagamma Devi Circle, Sivanchetti Gardens, Bengaluru, Karn"
312,12.982235,77.610503,10,Shivajinagar,NO PARKING,0.0,40.0,100.0,"[5, 8, 2]",2.59,0.47,2.28,SEMI-CHRONIC,7,1,2.01,"Dispensary Road, Tasker Town, Shivaji Nagar, Bengaluru, Karnataka. Pin-560001 (I"
221,12.999442,77.549635,23,Rajajinagar,NO PARKING,0.0,21.7,100.0,"[21, 4, 5]",2.97,1.33,2.28,SEMI-CHRONIC,20,3,2.01,"10th Cross Road, Block 1, Rajaji Nagar, Bengaluru, Karnataka. Pin-560010 (India)"
291,12.979741,77.60718,16,Shivajinagar,NO PARKING,0.0,31.2,100.0,"[5, 0, 2]",3.0,0.73,2.27,SEMI-CHRONIC,11,2,2.0,"Main Guard Cross Road, Tasker Town, Shivaji Nagar, Bengaluru, Karnataka. Pin-560"
173,12.933829,77.690813,44,HAL Old Airport,NO PARKING,0.0,56.8,0.0,"[2, 23, 22]",2.82,1.27,2.27,SEMI-CHRONIC,19,5,2.0,"New Horizon College Road, New Horizon College of Engineering, Kadubisanahalli, B"
352,12.972825,77.578706,13,Upparpet,NO PARKING,0.0,38.5,100.0,"[5, 4, 23]",2.25,0.47,2.26,SEMI-CHRONIC,7,2,1.99,"Hospital Road, Kempegowda Extension, Chickpete, Bengaluru, Karnataka. Pin-560009"
158,12.933169,77.691294,16,HAL Old Airport,NO PARKING,0.0,81.2,0.0,"[0, 4, 23]",3.26,0.4,2.25,SEMI-CHRONIC,6,2,1.98,"New Horizon College Road, Embassy Tech Village, Devara Beesana Halli, Bengaluru,"
383,12.976893,77.578603,10,Upparpet,NO PARKING,10.0,30.0,100.0,"[19, 6, 22]",2.63,0.53,2.24,SEMI-CHRONIC,8,1,1.97,"Y Ramachandra Road, Sri Kanakadasa Circle, Gandhi Nagar, Bengaluru, Karnataka. P"
10,12.981986,77.60734,22,Shivajinagar,WRONG PARKING,0.0,22.7,100.0,"[6, 3, 5]",3.17,0.87,2.23,SEMI-CHRONIC,13,3,1.96,"Dispensary Road, Tasker Town, Shivaji Nagar, Bengaluru, Karnataka. Pin-560001 (I"
43,12.982287,77.610546,36,Shivajinagar,WRONG PARKING,0.0,41.7,30.6,"[4, 6, 7]",2.93,1.73,2.23,SEMI-CHRONIC,26,4,1.96,"Kamaraj Road, Sri Nagamma Devi Circle, Sivanchetti Gardens, Bengaluru, Karnataka"
194,12.964716,77.576097,17,City Market,NO PARKING,0.0,29.4,100.0,"[19, 2, 5]",2.92,0.6,2.23,SEMI-CHRONIC,9,2,1.96,"Mysore Road, Sri Krishna Rajendra Market, Chickpete, Bengaluru, Karnataka. Pin-5"
270,12.933259,77.691253,14,HAL Old Airport,NO PARKING,0.0,85.7,0.0,"[0, 22, 4]",2.21,0.47,2.22,SEMI-CHRONIC,7,2,1.95,"New Horizon College Road, Embassy Tech Village, Devara Beesana Halli, Bengaluru,"
106,12.981355,77.610195,15,Shivajinagar,WRONG PARKING,0.0,26.7,100.0,"[2, 4, 8]",3.63,0.67,2.22,SEMI-CHRONIC,10,2,1.95,"Kamaraj Road, Sri Nagamma Devi Circle, Sivanchetti Gardens, Bengaluru, Karnataka"
266,12.964621,77.57647,23,City Market,WRONG PARKING,0.0,17.4,100.0,"[0, 23, 2]",3.59,1.0,2.2,SEMI-CHRONIC,15,3,1.94,"Mysore Road, Sri Krishna Rajendra Market, Chickpete, Bengaluru, Karnataka. Pin-5"
67,12.975265,77.574816,10,Upparpet,WRONG PARKING,10.0,20.0,100.0,"[2, 4, 0]",4.28,0.47,2.2,SEMI-CHRONIC,7,1,1.94,"Dhanvanthari Road, Gandhinagar, Nehru Nagar, Bengaluru Central City Corporation,"
269,12.982201,77.606452,10,Shivajinagar,NO PARKING,0.0,40.0,100.0,"[6, 2, 3]",2.07,0.2,2.19,SEMI-CHRONIC,3,1,1.93,"Hospital Cross Road, Tasker Town, Shivaji Nagar, Bengaluru, Karnataka. Pin-56000"
223,12.933248,77.691149,26,HAL Old Airport,WRONG PARKING,3.8,65.4,0.0,"[0, 3, 6]",2.94,0.87,2.18,SPORADIC,13,3,1.92,"New Horizon College Road, Embassy Tech Village, Devara Beesana Halli, Bengaluru,"
394,12.981652,77.608149,11,Shivajinagar,WRONG PARKING,9.1,27.3,100.0,"[4, 6, 0]",2.31,0.67,2.18,SEMI-CHRONIC,10,1,1.92,"Dispensary Road, Tasker Town, Shivaji Nagar, Bengaluru, Karnataka. Pin-560001 (I"
66,13.008297,77.554488,25,Malleshwaram,NO PARKING,4.0,12.0,100.0,"[4, 20, 21]",3.55,1.0,2.18,SEMI-CHRONIC,15,3,1.92,"80 Feet Ring Road, Dr Rajkumar Road 17th Cross Junction, Rajaji Nagar, Bengaluru"
61,13.071473,77.588179,71,Kodigehalli,WRONG PARKING,0.0,26.8,0.0,"[6, 4, 5]",2.79,1.93,2.17,SEMI-CHRONIC,29,9,1.91,"Sahakar Nagar Road, Fortune Acacia, Byatarayanapura, Bengaluru, Karnataka. Pin-5"
285,12.971278,77.618087,10,Halasur,WRONG PARKING,0.0,100.0,0.0,[22],0.0,0.13,2.17,SEMI-CHRONIC,2,1,1.91,"Midford Garden Lane, Craig Park Layout, Ashok Nagar, Bengaluru, Karnataka. Pin-5"
336,12.999384,77.549596,12,Rajajinagar,NO PARKING,0.0,25.0,100.0,"[21, 2, 7]",3.77,0.67,2.16,SEMI-CHRONIC,10,1,1.9,"10th Cross Road, Block 1, Rajaji Nagar, Bengaluru, Karnataka. Pin-560010 (India)"
188,12.977388,77.575571,17,Upparpet,NO PARKING,0.0,23.5,100.0,"[21, 20, 0]",2.69,1.07,2.16,SEMI-CHRONIC,16,2,1.9,"Subedar Chatram Road, RK Puram, Gandhi Nagar, Bengaluru, Karnataka. Pin-560009 ("
178,12.93332,77.691247,14,HAL Old Airport,NO PARKING,0.0,78.6,0.0,"[0, 1, 21]",3.4,0.27,2.16,SPORADIC,4,2,1.9,"New Horizon College Road, Embassy Tech Village, Devara Beesana Halli, Bengaluru,"
171,12.933146,77.691374,12,HAL Old Airport,NO PARKING,0.0,83.3,0.0,"[0, 4, 22]",2.33,0.53,2.16,SEMI-CHRONIC,8,1,1.9,"New Horizon College Road, Embassy Tech Village, Devara Beesana Halli, Bengaluru,"
356,12.975861,77.577287,10,Upparpet,NO PARKING,0.0,30.0,100.0,"[4, 23, 0]",3.17,0.53,2.15,SEMI-CHRONIC,8,1,1.89,"5th Main Road, Kempe Gowda Circle, Gandhi Nagar, Bengaluru, Karnataka. Pin-56000"
255,12.934071,77.690767,12,HAL Old Airport,PARKING IN A MAIN ROAD,0.0,75.0,0.0,"[20, 2, 0]",3.78,0.6,2.15,SEMI-CHRONIC,9,1,1.89,"New Horizon College Road, New Horizon College of Engineering, Kadubisanahalli, B"
299,12.999487,77.549688,15,Rajajinagar,NO PARKING,0.0,26.7,100.0,"[5, 4, 6]",2.78,0.67,2.14,SEMI-CHRONIC,10,2,1.88,"WOC Road, Block 1, Rajaji Nagar, Bengaluru, Karnataka. Pin-560010 (India)"
318,12.964462,77.577872,14,City Market,NO PARKING,0.0,28.6,100.0,"[1, 3, 2]",2.25,0.73,2.12,SEMI-CHRONIC,11,2,1.87,"Silver Jubilee Park Road, City Market Circle, Bengaluru, Karnataka. Pin-560002 ("
315,12.933714,77.690882,16,HAL Old Airport,NO PARKING,6.2,68.8,0.0,"[3, 23, 0]",3.03,0.73,2.12,SEMI-CHRONIC,11,2,1.87,"New Horizon College Road, New Horizon College of Engineering, Kadubisanahalli, B"
366,12.981269,77.610574,13,Shivajinagar,WRONG PARKING,0.0,30.8,100.0,"[0, 3, 2]",2.28,0.53,2.12,SEMI-CHRONIC,8,2,1.87,"Dickenson Road, Sri Nagamma Devi Circle, Sivanchetti Gardens, Bengaluru, Karnata"
264,12.975358,77.575737,19,Upparpet,WRONG PARKING,0.0,21.1,100.0,"[2, 3, 5]",3.17,0.67,2.12,SEMI-CHRONIC,10,2,1.87,"Kempegowda Road, Kempe Gowda Circle, Gandhi Nagar, Bengaluru, Karnataka. Pin-560"
241,12.968614,77.537181,12,Vijayanagara,WRONG PARKING,0.0,25.0,100.0,"[23, 4, 5]",3.46,0.53,2.11,SEMI-CHRONIC,8,1,1.86,"1st Main Road, Police Quarters, Vijaya Nagar, Bengaluru, Karnataka. Pin-560040 ("
98,12.981578,77.608295,22,Shivajinagar,WRONG PARKING,0.0,18.2,100.0,"[5, 6, 2]",2.13,1.33,2.11,SEMI-CHRONIC,20,3,1.86,"Dispensary Road, Tasker Town, Shivaji Nagar, Bengaluru, Karnataka. Pin-560001 (I"
111,12.97381,77.578876,16,Upparpet,NO PARKING,0.0,18.8,100.0,"[2, 3, 5]",4.05,0.6,2.11,SEMI-CHRONIC,9,2,1.86,"2nd Cross Road, Kempegowda Extension, Chickpete, Bengaluru, Karnataka. Pin-56000"
156,12.973577,77.551267,31,Magadi Road,NO PARKING,0.0,6.5,100.0,"[4, 7, 1]",3.47,1.13,2.11,SEMI-CHRONIC,17,4,1.86,"1st Cross Road, Mallige Thotta, Cholurpalya, Bengaluru, Karnataka. Pin-560023 (I"
56,12.967877,77.574638,13,Chamarajpet,WRONG PARKING,0.0,23.1,100.0,"[1, 4, 5]",3.36,0.73,2.1,SEMI-CHRONIC,11,2,1.85,"AS Char Main Road, Santhusapete, Chickpete, Bengaluru, Karnataka. Pin-560053 (In"
38,12.971446,77.597748,13,Cubbon Park,NO PARKING,7.7,15.4,100.0,"[23, 6, 21]",3.94,0.6,2.1,SEMI-CHRONIC,9,2,1.85,"Sri ML Subbaraju Road, Walton Road Circle, Shanthala Nagar, Bengaluru, Karnataka"
28,12.964144,77.576847,13,City Market,WRONG PARKING,0.0,23.1,100.0,"[18, 19, 22]",3.23,0.8,2.1,SEMI-CHRONIC,12,2,1.85,"BGS Flyover, City Market Circle, Bengaluru, Karnataka. Pin-560002 (India)"
323,12.976691,77.579902,10,Upparpet,NO PARKING,10.0,20.0,100.0,"[22, 4, 8]",3.09,0.6,2.1,SEMI-CHRONIC,9,1,1.85,"1st Main Road, Maharani College Junction, Gandhi Nagar, Bengaluru, Karnataka. Pi"
71,12.964401,77.57835,17,City Market,WRONG PARKING,0.0,17.6,100.0,"[4, 5, 0]",3.43,0.93,2.09,SEMI-CHRONIC,14,2,1.84,"Silver Jubilee Park Road, Dodpete, Nagartapete, Bengaluru, Karnataka. Pin-560002"
115,12.976553,77.577385,11,Upparpet,WRONG PARKING,9.1,18.2,100.0,"[2, 3, 4]",3.21,0.53,2.07,SPORADIC,8,1,1.82,"5th Main Road, Kempe Gowda Circle, Gandhi Nagar, Bengaluru, Karnataka. Pin-56000"
134,12.943294,77.571064,24,Basavanagudi,WRONG PARKING,0.0,8.3,100.0,"[5, 8, 0]",3.33,1.27,2.05,SEMI-CHRONIC,19,3,1.8,"Sri DV Gundappa Road, Shopper Junction, Basavanagudi, Bengaluru, Karnataka. Pin-"
91,13.071156,77.587933,12,Kodigehalli,WRONG PARKING,0.0,75.0,0.0,"[6, 5, 7]",3.41,0.2,2.05,SEMI-CHRONIC,3,1,1.8,"Sahakar Nagar Road, Fortune Acacia, Byatarayanapura, Bengaluru, Karnataka. Pin-5"
180,12.9811,77.609635,10,Shivajinagar,NO PARKING,0.0,30.0,100.0,"[4, 1, 7]",2.45,0.33,2.04,SEMI-CHRONIC,5,1,1.8,"Dispensary Road, Sri Nagamma Devi Circle, Sivanchetti Gardens, Bengaluru, Karnat"
8,12.976669,77.579825,15,Upparpet,WRONG PARKING,6.7,13.3,100.0,"[3, 5, 21]",3.36,0.73,2.04,SEMI-CHRONIC,11,2,1.8,"1st Main Road, Maharani College Junction, Gandhi Nagar, Bengaluru, Karnataka. Pi"
96,12.933759,77.690853,11,HAL Old Airport,NO PARKING,9.1,63.6,0.0,"[6, 0, 2]",3.88,0.53,2.04,SEMI-CHRONIC,8,1,1.8,"New Horizon College Road, New Horizon College of Engineering, Kadubisanahalli, B"
60,12.969812,77.57568,45,City Market,WRONG PARKING,0.0,35.6,4.4,"[2, 4, 1]",3.13,1.93,2.03,SEMI-CHRONIC,29,5,1.79,"AS Char Main Road, Chickpet Circle, Chickpete, Bengaluru, Karnataka. Pin-560053 "
381,12.980895,77.610134,10,Shivajinagar,WRONG PARKING,10.0,20.0,100.0,"[4, 1, 2]",2.57,0.47,2.03,SEMI-CHRONIC,7,1,1.79,"Kamaraj Road, Sri Nagamma Devi Circle, Sivanchetti Gardens, Bengaluru, Karnataka"
49,12.965062,77.584095,11,Halasuru Gate,NO PARKING,0.0,27.3,100.0,"[1, 3, 4]",2.43,0.47,2.02,SEMI-CHRONIC,7,1,1.78,"Pailwan M Krishnappa Road, Shoukath Mohalla, Nagartapete, Bengaluru, Karnataka. "
382,12.934028,77.690679,13,HAL Old Airport,NO PARKING,0.0,69.2,0.0,"[0, 22, 4]",3.42,0.6,2.01,SEMI-CHRONIC,9,2,1.77,"New Horizon College Road, New Horizon College of Engineering, Kadubisanahalli, B"
263,12.976094,77.57829,12,Upparpet,NO PARKING,0.0,25.0,100.0,"[6, 21, 5]",2.63,0.47,2.01,SEMI-CHRONIC,7,1,1.77,"3rd Main Road, Sri Kanakadasa Circle, Gandhi Nagar, Bengaluru, Karnataka. Pin-56"
387,12.976886,77.578233,10,Upparpet,NO PARKING,20.0,10.0,100.0,"[2, 6, 8]",2.58,0.67,2.01,SEMI-CHRONIC,10,1,1.77,"Y Ramachandra Road, Sri Kanakadasa Circle, Gandhi Nagar, Bengaluru, Karnataka. P"
200,12.983966,77.603566,14,Shivajinagar,NO PARKING,7.1,14.3,100.0,"[5, 23, 1]",2.85,0.73,2.0,SEMI-CHRONIC,11,2,1.76,"Central Street, Shivaji Nagar, Bengaluru, Karnataka. Pin-560001 (India)"
97,12.933798,77.691146,14,HAL Old Airport,PARKING IN A MAIN ROAD,0.0,64.3,0.0,"[3, 0, 2]",4.23,0.53,2.0,SEMI-CHRONIC,8,2,1.76,"New Horizon College Road, New Horizon College of Engineering, Kadubisanahalli, B"
81,12.933151,77.691331,17,HAL Old Airport,WRONG PARKING,0.0,64.7,0.0,"[3, 22, 23]",3.37,0.67,1.99,SEMI-CHRONIC,10,2,1.75,"New Horizon College Road, Embassy Tech Village, Devara Beesana Halli, Bengaluru,"
155,12.933675,77.690848,19,HAL Old Airport,NO PARKING,0.0,63.2,0.0,"[23, 4, 1]",3.35,0.67,1.98,SEMI-CHRONIC,10,2,1.74,"New Horizon College Road, New Horizon College of Engineering, Kadubisanahalli, B"
157,12.981668,77.608107,11,Shivajinagar,WRONG PARKING,0.0,18.2,100.0,"[4, 1, 3]",3.63,0.6,1.98,SEMI-CHRONIC,9,1,1.74,"Dispensary Road, Tasker Town, Shivaji Nagar, Bengaluru, Karnataka. Pin-560001 (I"
276,12.964491,77.577427,13,City Market,WRONG PARKING,0.0,23.1,100.0,"[1, 4, 5]",2.41,0.47,1.97,SPORADIC,7,2,1.73,"Godown Street, City Market Circle, Bengaluru, Karnataka. Pin-560002 (India)"
361,12.981489,77.608532,11,Shivajinagar,WRONG PARKING,0.0,18.2,100.0,"[5, 3, 4]",3.47,0.6,1.97,SEMI-CHRONIC,9,1,1.73,"Dispensary Road, Tasker Town, Shivaji Nagar, Bengaluru, Karnataka. Pin-560001 (I"
222,12.933178,77.691106,13,HAL Old Airport,WRONG PARKING,0.0,69.2,0.0,"[2, 3, 23]",3.42,0.33,1.97,SEMI-CHRONIC,5,2,1.73,"New Horizon College Road, Embassy Tech Village, Devara Beesana Halli, Bengaluru,"
330,12.933583,77.691069,11,HAL Old Airport,NO PARKING,0.0,72.7,0.0,"[22, 23, 0]",2.7,0.47,1.96,SEMI-CHRONIC,7,1,1.72,"New Horizon College Road, New Horizon College of Engineering, Kadubisanahalli, B"
376,12.933368,77.691004,10,HAL Old Airport,WRONG PARKING,10.0,60.0,0.0,"[4, 21, 22]",3.96,0.4,1.96,SEMI-CHRONIC,6,1,1.72,"New Horizon College Road, Embassy Tech Village, Devara Beesana Halli, Bengaluru,"
234,12.977196,77.570758,14,Chamarajpet,NO PARKING,0.0,14.3,100.0,"[2, 4, 6]",3.38,0.73,1.94,SEMI-CHRONIC,11,2,1.71,"Rao Bahadur DGT Road, Majestic Circle, Majestic, Bengaluru, Karnataka. Pin-56002"
64,12.964995,77.584073,19,Halasuru Gate,WRONG PARKING,10.5,5.3,100.0,"[6, 2, 3]",2.83,0.73,1.94,SEMI-CHRONIC,11,2,1.71,"Pailwan M Krishnappa Road, Shoukath Mohalla, Nagartapete, Bengaluru, Karnataka. "
76,12.933041,77.691338,13,HAL Old Airport,NO PARKING,0.0,69.2,0.0,"[3, 0, 1]",3.15,0.33,1.94,SEMI-CHRONIC,5,2,1.71,"New Horizon College Road, Embassy Tech Village, Devara Beesana Halli, Bengaluru,"
11,12.973489,77.5512,30,Magadi Road,NO PARKING,0.0,3.3,100.0,"[4, 5, 1]",2.64,1.07,1.94,SEMI-CHRONIC,16,4,1.71,"1st Cross Road, Mallige Thotta, Cholurpalya, Bengaluru, Karnataka. Pin-560023 (I"
137,12.975416,77.576337,10,Upparpet,WRONG PARKING,0.0,20.0,100.0,"[1, 4, 2]",3.1,0.47,1.93,SEMI-CHRONIC,7,1,1.7,"Kempegowda Road, Kempe Gowda Circle, Gandhi Nagar, Bengaluru, Karnataka. Pin-560"
52,12.943185,77.571075,12,Basavanagudi,WRONG PARKING,0.0,16.7,100.0,"[4, 5, 8]",3.14,0.67,1.93,SEMI-CHRONIC,10,1,1.7,"Sri DV Gundappa Road, Shopper Junction, Basavanagudi, Bengaluru, Karnataka. Pin-"
90,12.841891,77.645876,34,Electronic City,WRONG PARKING,0.0,47.1,0.0,"[7, 8, 6]",3.03,1.13,1.92,SEMI-CHRONIC,17,4,1.69,"Neeladri Road, Ajmera Annex, Karuna Nagar, Doddathogur, Bengaluru, Karnataka. Pi"
274,12.978667,77.575159,10,Upparpet,WRONG PARKING,10.0,10.0,100.0,"[3, 2, 20]",3.42,0.53,1.92,SEMI-CHRONIC,8,1,1.69,"Subedar Chatram Road, AT Extension, Gandhi Nagar, Bengaluru, Karnataka. Pin-5600"
125,12.996205,77.563154,33,Sheshadripuram,NO PARKING,0.0,51.5,0.0,"[4, 3, 7]",2.94,0.67,1.92,SEMI-CHRONIC,10,4,1.69,"4th Main Road, Nagappa Block, Srirampuram, Bengaluru, Karnataka. Pin-560021 (Ind"
319,12.975876,77.577245,15,Upparpet,WRONG PARKING,0.0,13.3,100.0,"[1, 3, 5]",3.13,0.67,1.91,SEMI-CHRONIC,10,2,1.68,"5th Main Road, Kempe Gowda Circle, Gandhi Nagar, Bengaluru, Karnataka. Pin-56000"
161,12.964152,77.583985,23,Halasuru Gate,NO PARKING,0.0,4.3,100.0,"[7, 6, 5]",3.55,0.8,1.91,SEMI-CHRONIC,12,3,1.68,"Pailwan M Krishnappa Road, Shoukath Mohalla, Nagartapete, Bengaluru, Karnataka. "
294,12.9773,77.570731,18,Chamarajpet,NO PARKING,0.0,11.1,100.0,"[2, 7, 0]",3.1,0.73,1.91,SEMI-CHRONIC,11,2,1.68,"Rao Bahadur DGT Road, Majestic Circle, Majestic, Bengaluru, Karnataka. Pin-56002"
0,13.008161,77.554952,25,Malleshwaram,WRONG PARKING,0.0,0.0,100.0,"[4, 8, 5]",3.9,0.93,1.9,SEMI-CHRONIC,14,3,1.67,"GP Rajarathnam Road, Dr Rajkumar Road 17th Cross Junction, Rajaji Nagar, Bengalu"
149,13.008333,77.554433,23,Malleshwaram,WRONG PARKING,0.0,4.3,100.0,"[0, 20, 5]",3.31,0.8,1.88,SEMI-CHRONIC,12,3,1.65,"80 Feet Ring Road, Dr Rajkumar Road 17th Cross Junction, Rajaji Nagar, Bengaluru"
168,12.963826,77.576755,18,City Market,WRONG PARKING,0.0,11.1,100.0,"[19, 17, 20]",2.62,0.87,1.88,SEMI-CHRONIC,13,2,1.65,"KR Main Road, City Market Circle, Bengaluru, Karnataka. Pin-560002 (India)"
211,12.999194,77.548854,11,Rajajinagar,NO PARKING,0.0,18.2,100.0,"[5, 6, 4]",2.83,0.47,1.88,SEMI-CHRONIC,7,1,1.65,"10th Cross Road, Block 1, Rajaji Nagar, Bengaluru, Karnataka. Pin-560010 (India)"
163,12.977909,77.575449,16,Upparpet,WRONG PARKING,0.0,12.5,100.0,"[6, 22, 3]",2.57,0.8,1.87,SEMI-CHRONIC,12,2,1.65,"Subedar Chatram Road, RK Puram, Gandhi Nagar, Bengaluru, Karnataka. Pin-560009 ("
438,12.978433,77.573533,10,Upparpet,WRONG PARKING,0.0,20.0,100.0,"[0, 2, 20]",2.33,0.47,1.85,SEMI-CHRONIC,7,1,1.63,"Major T Ramachandrappa Road, AT Extension, Gandhi Nagar, Bengaluru, Karnataka. P"
145,12.953873,77.543592,10,Byatarayanapura,WRONG PARKING,0.0,10.0,100.0,"[5, 19, 8]",4.13,0.47,1.83,SEMI-CHRONIC,7,1,1.61,"Mysore Road, Satellite Bus Stand Junction, New Timber Yard Layout, Bengaluru, Ka"
65,12.973831,77.551591,11,Magadi Road,NO PARKING,0.0,18.2,100.0,"[6, 1, 7]",2.71,0.2,1.83,SPORADIC,3,1,1.61,"Dmart, Magadi Road, Rajajinagar 6th Block, K.P Agrahara, Bengaluru West City Cor"
377,12.964078,77.576506,13,V.V.Puram (C.Pet),WRONG PARKING,0.0,15.4,100.0,"[5, 4, 0]",2.24,0.67,1.83,SEMI-CHRONIC,10,2,1.61,"Mysore Road, City Market Circle, Bengaluru, Karnataka. Pin-560002 (India)"
123,12.964848,77.538964,17,Vijayanagara,WRONG PARKING,0.0,5.9,100.0,"[6, 22, 4]",2.95,0.93,1.81,SEMI-CHRONIC,14,2,1.59,"Sri Sankasta Hara Ganapati Temple Road, RPC Layout, Vijaya Nagar Stage 2, Bengal"
322,12.933374,77.691151,18,HAL Old Airport,NO PARKING,0.0,55.6,0.0,"[22, 4, 0]",3.3,0.67,1.81,SEMI-CHRONIC,10,2,1.59,"New Horizon College Road, Embassy Tech Village, Devara Beesana Halli, Bengaluru,"
317,12.978439,77.573608,11,Upparpet,WRONG PARKING,9.1,9.1,100.0,"[4, 1, 7]",2.18,0.6,1.79,SEMI-CHRONIC,9,1,1.58,"Major T Ramachandrappa Road, AT Extension, Gandhi Nagar, Bengaluru, Karnataka. P"
208,12.934068,77.689769,19,HAL Old Airport,NO PARKING,5.3,63.2,0.0,"[23, 22, 0]",1.14,0.2,1.77,SEMI-CHRONIC,3,2,1.56,"Outer Ring Road, Prestige Silver Crest, Kadubisanahalli, Bengaluru, Karnataka. P"
118,13.183977,77.679581,11,Chikkajala,PARKING IN A MAIN ROAD,72.7,9.1,0.0,"[8, 5, 4]",2.73,0.33,1.76,SEMI-CHRONIC,5,1,1.55,"Unnamed Road, Begur Chikkanahalli, Bengaluru, Karnataka. Pin-562149 (India)"
302,12.977261,77.570773,16,Chamarajpet,NO PARKING,0.0,6.2,100.0,"[0, 2, 1]",2.57,0.93,1.76,SEMI-CHRONIC,14,2,1.55,"Rao Bahadur DGT Road, Majestic Circle, Majestic, Bengaluru, Karnataka. Pin-56002"
345,12.98422,77.603321,13,Shivajinagar,WRONG PARKING,0.0,7.7,100.0,"[4, 5, 2]",3.24,0.6,1.76,SEMI-CHRONIC,9,2,1.55,"Meenakshi Koil Street, Shivaji Nagar, Bengaluru, Karnataka. Pin-560001 (India)"
280,12.998309,77.553146,14,Malleshwaram,WRONG PARKING,0.0,7.1,100.0,"[6, 1, 2]",2.85,0.73,1.75,SEMI-CHRONIC,11,2,1.54,"5th Cross Road, Navarang Circle, Rajaji Nagar, Bengaluru, Karnataka. Pin-560010 "
262,12.975313,77.57578,10,Upparpet,WRONG PARKING,0.0,20.0,100.0,"[4, 7, 1]",1.4,0.4,1.75,SEMI-CHRONIC,6,1,1.54,"Kempegowda Road, Kempe Gowda Circle, Gandhi Nagar, Bengaluru, Karnataka. Pin-560"
42,12.973524,77.551237,20,Magadi Road,NO PARKING,0.0,0.0,100.0,"[2, 7, 1]",2.87,1.07,1.75,SEMI-CHRONIC,16,2,1.54,"1st Cross Road, Mallige Thotta, Cholurpalya, Bengaluru, Karnataka. Pin-560023 (I"
175,12.980198,77.574873,15,Upparpet,WRONG PARKING,0.0,6.7,100.0,"[0, 3, 5]",2.56,0.8,1.73,SEMI-CHRONIC,12,2,1.52,"Subedar Chatram Road, Anand Rao Circle, Gandhi Nagar, Bengaluru, Karnataka. Pin-"
214,12.964204,77.576919,10,City Market,WRONG PARKING,0.0,10.0,100.0,"[18, 20, 4]",3.11,0.33,1.71,SPORADIC,5,1,1.5,"BGS Flyover, City Market Circle, Bengaluru, Karnataka. Pin-560002 (India)"
189,12.976008,77.576444,14,Upparpet,NO PARKING,0.0,7.1,100.0,"[3, 9, 0]",2.72,0.47,1.7,SEMI-CHRONIC,7,2,1.5,"6th Main Road, Kempe Gowda Circle, Gandhi Nagar, Bengaluru, Karnataka. Pin-56000"
244,12.984064,77.603652,13,Shivajinagar,NO PARKING,0.0,7.7,100.0,"[13, 2, 5]",2.73,0.47,1.69,SEMI-CHRONIC,7,2,1.49,"Central Street, Shivaji Nagar, Bengaluru, Karnataka. Pin-560001 (India)"
325,12.933329,77.691101,13,HAL Old Airport,NO PARKING,0.0,61.5,0.0,"[0, 3, 4]",1.96,0.4,1.68,SEMI-CHRONIC,6,2,1.48,"New Horizon College Road, Embassy Tech Village, Devara Beesana Halli, Bengaluru,"
138,12.977259,77.577274,11,Upparpet,NO PARKING,0.0,9.1,100.0,"[0, 2, 19]",2.52,0.47,1.67,SEMI-CHRONIC,7,1,1.47,"5th Main Road, Kempe Gowda Circle, Gandhi Nagar, Bengaluru, Karnataka. Pin-56000"
114,12.933872,77.690883,14,HAL Old Airport,PARKING IN A MAIN ROAD,0.0,57.1,0.0,"[1, 22, 23]",2.51,0.33,1.65,SEMI-CHRONIC,5,2,1.45,"New Horizon College Road, New Horizon College of Engineering, Kadubisanahalli, B"
267,12.934223,77.690705,11,HAL Old Airport,WRONG PARKING,0.0,54.5,0.0,"[21, 4, 20]",3.4,0.33,1.65,SPORADIC,5,1,1.45,"New Horizon College Road, New Horizon College of Engineering, Kadubisanahalli, B"
24,12.965101,77.584075,10,Halasuru Gate,NO PARKING,0.0,10.0,100.0,"[3, 5, 0]",2.18,0.53,1.65,SEMI-CHRONIC,8,1,1.45,"Pailwan M Krishnappa Road, Shoukath Mohalla, Nagartapete, Bengaluru, Karnataka. "
218,12.976246,77.577392,15,Upparpet,WRONG PARKING,0.0,0.0,100.0,"[0, 4, 8]",3.17,0.6,1.63,SEMI-CHRONIC,9,2,1.43,"Y Ramachandra Road, Kempe Gowda Circle, Gandhi Nagar, Bengaluru, Karnataka. Pin-"
105,13.008252,77.554534,13,Malleshwaram,NO PARKING,0.0,0.0,100.0,"[22, 3, 12]",3.34,0.6,1.62,SEMI-CHRONIC,9,2,1.43,"80 Feet Ring Road, Dr Rajkumar Road 17th Cross Junction, Rajaji Nagar, Bengaluru"
347,12.964619,77.584023,15,Halasuru Gate,NO PARKING,0.0,0.0,100.0,"[4, 6, 0]",2.91,0.67,1.62,SEMI-CHRONIC,10,2,1.43,"Pailwan M Krishnappa Road, Shoukath Mohalla, Nagartapete, Bengaluru, Karnataka. "
202,12.968564,77.537293,12,Vijayanagara,WRONG PARKING,0.0,8.3,100.0,"[0, 3, 2]",2.03,0.47,1.62,SEMI-CHRONIC,7,1,1.43,"1st Main Road, Police Quarters, Vijaya Nagar, Bengaluru, Karnataka. Pin-560040 ("
102,12.979353,77.575015,12,Upparpet,WRONG PARKING,0.0,0.0,100.0,"[2, 6, 9]",3.48,0.6,1.62,SEMI-CHRONIC,9,1,1.43,"Subedar Chatram Road, AT Extension, Gandhi Nagar, Bengaluru, Karnataka. Pin-5600"
191,12.973644,77.551243,10,Magadi Road,NO PARKING,0.0,10.0,100.0,"[2, 6, 7]",2.06,0.33,1.61,SEMI-CHRONIC,5,1,1.42,"G Narayana Kumar Road, Mallige Thotta, Cholurpalya, Bengaluru, Karnataka. Pin-56"
232,13.000425,77.550306,14,Malleshwaram,WRONG PARKING,0.0,0.0,100.0,"[2, 0, 1]",3.08,0.6,1.61,SEMI-CHRONIC,9,2,1.42,"19th Main Road, Block 1, Rajaji Nagar, Bengaluru, Karnataka. Pin-560010 (India)"
209,13.000303,77.550042,11,Malleshwaram,WRONG PARKING,0.0,9.1,100.0,"[3, 2, 6]",2.2,0.2,1.6,SEMI-CHRONIC,3,1,1.41,"20th Main Road, Block 1, Rajaji Nagar, Bengaluru, Karnataka. Pin-560010 (India)"
196,12.973447,77.551087,10,Magadi Road,NO PARKING,0.0,0.0,100.0,"[6, 1, 2]",3.91,0.4,1.6,SEMI-CHRONIC,6,1,1.41,"1st Cross Road, Mallige Thotta, Cholurpalya, Bengaluru, Karnataka. Pin-560023 (I"
119,12.977945,77.574004,12,Upparpet,WRONG PARKING,0.0,0.0,100.0,"[0, 23, 2]",3.09,0.67,1.59,SEMI-CHRONIC,10,1,1.4,"Major T Ramachandrappa Road, RK Puram, Gandhi Nagar, Bengaluru, Karnataka. Pin-5"
87,12.841846,77.645923,16,Electronic City,WRONG PARKING,0.0,50.0,0.0,"[8, 7, 22]",2.98,0.33,1.59,SEMI-CHRONIC,5,2,1.4,"Neeladri Road, Ajmera Annex, Karuna Nagar, Doddathogur, Bengaluru, Karnataka. Pi"
197,12.982591,77.610676,18,Shivajinagar,NO PARKING,5.6,33.3,0.0,"[5, 4, 6]",3.88,1.13,1.58,SEMI-CHRONIC,17,2,1.39,"Kamaraj Road, Sri Nagamma Devi Circle, Sivanchetti Gardens, Bengaluru, Karnataka"
69,12.945191,77.571117,14,Basavanagudi,NO PARKING,0.0,0.0,100.0,"[4, 7, 3]",2.85,0.53,1.57,SEMI-CHRONIC,8,2,1.38,"Sri DV Gundappa Road, Gandhi Bazar Circle, Basavanagudi, Bengaluru, Karnataka. P"
252,12.964265,77.583992,13,Halasuru Gate,WRONG PARKING,0.0,0.0,100.0,"[4, 5, 1]",2.56,0.73,1.56,SEMI-CHRONIC,11,2,1.37,"Pailwan M Krishnappa Road, Shoukath Mohalla, Nagartapete, Bengaluru, Karnataka. "
217,12.969718,77.57565,33,City Market,WRONG PARKING,0.0,24.2,0.0,"[3, 4, 2]",3.26,1.6,1.55,SEMI-CHRONIC,24,4,1.36,"AS Char Main Road, Chickpet Circle, Chickpete, Bengaluru, Karnataka. Pin-560053 "
80,12.996262,77.563166,15,Sheshadripuram,NO PARKING,0.0,53.3,0.0,"[4, 0, 3]",1.74,0.47,1.54,SEMI-CHRONIC,7,2,1.36,"4th Main Road, Nagappa Block, Srirampuram, Bengaluru, Karnataka. Pin-560021 (Ind"
226,12.973602,77.551195,12,Magadi Road,NO PARKING,0.0,0.0,100.0,"[4, 7, 6]",2.6,0.47,1.51,SEMI-CHRONIC,7,1,1.33,"1st Cross Road, Mallige Thotta, Cholurpalya, Bengaluru, Karnataka. Pin-560023 (I"
327,12.973477,77.54988,10,Magadi Road,NO PARKING,0.0,0.0,100.0,"[4, 0, 22]",3.45,0.13,1.51,SPORADIC,2,1,1.33,"1st Cross Road, Vidyaranya Nagar, Cholurpalya, Bengaluru, Karnataka. Pin-560023 "
247,13.071316,77.588141,10,Kodigehalli,WRONG PARKING,0.0,50.0,0.0,"[8, 6, 2]",3.4,0.13,1.51,SEMI-CHRONIC,2,1,1.33,"Sahakar Nagar Road, Fortune Acacia, Byatarayanapura, Bengaluru, Karnataka. Pin-5"
162,12.976696,77.579735,11,Upparpet,WRONG PARKING,0.0,0.0,100.0,"[0, 3, 2]",2.26,0.67,1.49,SEMI-CHRONIC,10,1,1.31,"Y Ramachandra Road, Sri Kanakadasa Circle, Gandhi Nagar, Bengaluru, Karnataka. P"
190,12.964804,77.539065,10,Vijayanagara,WRONG PARKING,0.0,0.0,100.0,"[4, 21, 23]",2.57,0.53,1.49,SEMI-CHRONIC,8,1,1.31,"Sri Sankasta Hara Ganapati Temple Road, RPC Layout, Vijaya Nagar Stage 2, Bengal"
124,13.027882,77.542113,10,Yeshwanthpura,NO PARKING,0.0,50.0,0.0,"[5, 2, 6]",3.03,0.2,1.48,SEMI-CHRONIC,3,1,1.3,"Mumbai Bengaluru Highway, Cardinal One, Industrial Suburb, Yeshwanthpur, Bengalu"
230,12.964435,77.583984,11,Halasuru Gate,NO PARKING,0.0,0.0,100.0,"[0, 4, 6]",2.33,0.47,1.47,SEMI-CHRONIC,7,1,1.29,"Pailwan M Krishnappa Road, Shoukath Mohalla, Nagartapete, Bengaluru, Karnataka. "
88,12.93979,77.695593,33,HAL Old Airport,PARKING IN A MAIN ROAD,3.0,21.2,0.0,"[2, 3, 4]",3.81,0.73,1.46,SPORADIC,11,4,1.28,"Kadubeesanahalli Underpass, Kadubisanahalli Junction, Kadubisanahalli, Bengaluru"
44,13.071378,77.588215,43,Kodigehalli,WRONG PARKING,0.0,16.3,0.0,"[5, 6, 4]",3.22,1.07,1.45,SPORADIC,16,5,1.28,"Sahakar Nagar Road, Olivia, Raintree Boulevard, Byatarayanapura, Bengaluru, Karn"
126,12.934368,77.690132,11,HAL Old Airport,NO PARKING,0.0,63.6,0.0,"[4, 3]",0.0,0.07,1.45,SEMI-CHRONIC,1,1,1.28,"Outer Ring Road, Prestige Silver Crest, Kadubisanahalli, Bengaluru, Karnataka. P"
307,13.071333,77.588259,16,Kodigehalli,WRONG PARKING,0.0,31.2,0.0,"[6, 23, 2]",4.53,0.4,1.38,SEMI-CHRONIC,6,2,1.21,"Sahakar Nagar Road, Olivia, Raintree Boulevard, Byatarayanapura, Bengaluru, Karn"
46,13.035475,77.589102,14,Hebbala,NO PARKING,14.3,28.6,0.0,"[0, 5, 21]",2.57,0.8,1.37,SEMI-CHRONIC,12,2,1.21,"Bellary Road, Vinayaka Nagar, Hebbal, Bengaluru, Karnataka. Pin-560024 (India)"
303,12.996309,77.563183,14,Sheshadripuram,NO PARKING,0.0,42.9,0.0,"[5, 6, 2]",1.52,0.53,1.3,SEMI-CHRONIC,8,2,1.14,"4th Main Road, Nagappa Block, Srirampuram, Bengaluru, Karnataka. Pin-560021 (Ind"
375,12.973794,77.614187,14,Halasur,NO PARKING,35.7,7.1,0.0,"[23, 21, 1]",2.54,0.8,1.26,SEMI-CHRONIC,12,2,1.11,"Mahatma Gandhi Road, WEBBS Circle Junction, Ashok Nagar, Bengaluru, Karnataka. P"
351,13.071391,77.588158,11,Kodigehalli,WRONG PARKING,0.0,27.3,0.0,"[6, 3, 4]",4.65,0.4,1.24,SPORADIC,6,1,1.09,"Sahakar Nagar Road, Fortuna Acacia, Byatarayanapura, Bengaluru, Karnataka. Pin-5"
205,13.184037,77.679779,14,Chikkajala,NO PARKING,21.4,14.3,0.0,"[19, 20, 0]",3.02,0.8,1.24,SEMI-CHRONIC,12,2,1.09,"Unnamed Road, Begur Chikkanahalli, Bengaluru, Karnataka. Pin-562149 (India)"
182,13.071126,77.5879,13,Kodigehalli,WRONG PARKING,0.0,30.8,0.0,"[5, 4, 8]",3.5,0.4,1.22,SEMI-CHRONIC,6,2,1.07,"Railway Samantara Road, Fortune Acacia, Byatarayanapura, Bengaluru, Karnataka. P"
41,13.071096,77.587909,19,Kodigehalli,WRONG PARKING,0.0,26.3,0.0,"[5, 2, 4]",3.44,0.33,1.2,SEMI-CHRONIC,5,2,1.06,"Sahakar Nagar Road, Fortune Acacia, Byatarayanapura, Bengaluru, Karnataka. Pin-5"
151,13.007478,77.571152,13,Malleshwaram,WRONG PARKING,7.7,23.1,0.0,"[5, 6, 0]",3.12,0.8,1.2,SEMI-CHRONIC,12,2,1.06,"Sri Venkataranga Ayangar Road, Ranganathapura, Malleshwaram, Bengaluru, Karnatak"
304,13.071369,77.588342,11,Kodigehalli,WRONG PARKING,0.0,36.4,0.0,"[6, 5, 7]",2.14,0.53,1.19,SEMI-CHRONIC,8,1,1.05,"Sahakar Nagar Road, Olivia, Raintree Boulevard, Byatarayanapura, Bengaluru, Karn"
101,12.939771,77.695742,46,HAL Old Airport,PARKING IN A MAIN ROAD,0.0,2.2,0.0,"[3, 2, 4]",3.71,0.4,1.16,SEMI-CHRONIC,6,6,1.02,"Kadubeesanahalli Underpass, Indiqube Alpha, Reddy Layout, Kadubisanahalli, Benga"
164,12.999525,77.571345,31,Malleshwaram,WRONG PARKING,0.0,6.5,0.0,"[6, 5, 4]",3.49,1.47,1.16,SEMI-CHRONIC,22,4,1.02,"Sri Venkataranga Ayangar Road, RR Palace, Malleshwaram, Bengaluru, Karnataka. Pi"
184,13.000418,77.677617,20,Mahadevapura,PARKING IN A MAIN ROAD,15.0,10.0,0.0,"[1, 20, 19]",2.64,1.0,1.14,SEMI-CHRONIC,15,2,1.0,"Outer Ring Road, Venkatappa Colony, Mahadevapura, Bengaluru, Karnataka. Pin-5600"
63,13.012494,77.553838,14,Malleshwaram,NO PARKING,14.3,14.3,0.0,"[3, 23, 6]",3.11,0.73,1.13,SEMI-CHRONIC,11,2,0.99,"Da Ra Bendre Road, Orion, Brigade Gateway, Malleshwaram West, Bengaluru, Karnata"
195,12.939779,77.695668,36,HAL Old Airport,PARKING IN A MAIN ROAD,2.8,5.6,0.0,"[3, 4, 2]",3.25,0.47,1.09,SEMI-CHRONIC,7,4,0.96,"Kadubeesanahalli Underpass, Indiqube Alpha, Reddy Layout, Kadubisanahalli, Benga"
277,12.969695,77.575615,13,City Market,WRONG PARKING,0.0,23.1,0.0,"[4, 5, 6]",3.37,0.67,1.09,SEMI-CHRONIC,10,2,0.96,"AS Char Main Road, Chickpet Circle, Chickpete, Bengaluru, Karnataka. Pin-560053 "
128,13.07126,77.588004,20,Kodigehalli,WRONG PARKING,0.0,20.0,0.0,"[6, 4, 23]",2.49,0.67,1.05,SEMI-CHRONIC,10,2,0.92,"Sahakar Nagar Road, Fortuna Acacia, Byatarayanapura, Bengaluru, Karnataka. Pin-5"
70,12.99547,77.614019,18,Pulikeshinagar(F.Town),NO PARKING,0.0,16.7,0.0,"[7, 6, 22]",3.02,0.87,1.04,SEMI-CHRONIC,13,2,0.92,"Coles Road, Silver Enclave, Frazer Town, Bengaluru, Karnataka. Pin-560005 (India"
23,12.939656,77.695611,11,HAL Old Airport,PARKING IN A MAIN ROAD,36.4,0.0,0.0,"[23, 22]",2.72,0.2,1.01,SEMI-CHRONIC,3,1,0.89,"Kadubeesanahalli Underpass, Kadubisanahalli Junction, Kadubisanahalli, Bengaluru"
278,13.184378,77.67986,10,Chikkajala,WRONG PARKING,30.0,10.0,0.0,"[23, 0, 1]",1.65,0.33,1.01,SEMI-CHRONIC,5,1,0.89,"Unnamed Road, Begur Chikkanahalli, Bengaluru, Karnataka. Pin-562149 (India)"
154,13.012507,77.553433,15,Malleshwaram,NO PARKING,6.7,13.3,0.0,"[5, 2, 6]",2.9,0.87,1.01,SEMI-CHRONIC,13,2,0.89,"Da Ra Bendre Road, Orion, Brigade Gateway, Malleshwaram West, Bengaluru, Karnata"
320,13.183771,77.679547,12,Chikkajala,NO PARKING,33.3,0.0,0.0,"[19, 6, 8]",2.08,0.67,0.99,SEMI-CHRONIC,10,1,0.87,"Unnamed Road, Begur Chikkanahalli, Bengaluru, Karnataka. Pin-562149 (India)"
153,13.07044,77.587535,14,Kodigehalli,WRONG PARKING,0.0,28.6,0.0,"[5, 3, 0]",1.53,0.33,0.98,SEMI-CHRONIC,5,2,0.86,"Sahakar Nagar Road, Fortune Acacia, Byatarayanapura, Bengaluru, Karnataka. Pin-5"
440,13.070456,77.587703,11,Kodigehalli,WRONG PARKING,0.0,27.3,0.0,"[4, 6, 5]",2.05,0.33,0.96,SEMI-CHRONIC,5,1,0.84,"Sahakar Nagar Road, L&T Realty Elara Celestia, Byatarayanapura, Bengaluru, Karna"
15,12.912646,77.635225,17,HSR Layout,NO PARKING,0.0,11.8,0.0,"[9, 6, 5]",3.95,0.53,0.96,SEMI-CHRONIC,8,2,0.84,"9th Main Road, The Metropolitan Cooperative Housing Society, Sector 4, HSR Layou"
18,12.999421,77.571336,25,Malleshwaram,WRONG PARKING,0.0,4.0,0.0,"[5, 2, 4]",3.02,1.33,0.96,SEMI-CHRONIC,20,3,0.84,"Sri Venkataranga Ayangar Road, RR Palace, Malleshwaram, Bengaluru, Karnataka. Pi"
367,13.012103,77.552592,13,Malleshwaram,NO PARKING,0.0,15.4,0.0,"[2, 0, 3]",3.21,0.73,0.93,SEMI-CHRONIC,11,2,0.82,"Da Ra Bendre Road, Orion, Brigade Gateway, Malleshwaram West, Bengaluru, Karnata"
160,12.970023,77.606692,13,Ashok Nagar,NO PARKING,0.0,23.1,0.0,"[19, 20, 21]",1.82,0.53,0.92,SEMI-CHRONIC,8,2,0.81,"Brigade Road, St Patricks Complex, Ashok Nagar, Bengaluru, Karnataka. Pin-560025"
246,13.005606,77.568835,10,Malleshwaram,NO PARKING,0.0,20.0,0.0,"[1, 7, 23]",2.8,0.2,0.86,SEMI-CHRONIC,3,1,0.76,"15th Cross Road, Malleshwara Extension, Malleshwaram West, Bengaluru, Karnataka."
289,13.071538,77.588227,10,Kodigehalli,WRONG PARKING,0.0,20.0,0.0,"[6, 4, 0]",2.39,0.4,0.85,SEMI-CHRONIC,6,1,0.75,"Sahakar Nagar Road, Olivia, Raintree Boulevard, Byatarayanapura, Bengaluru, Karn"
248,13.008794,77.555235,10,Malleshwaram,NO PARKING,0.0,20.0,0.0,"[4, 5, 2]",2.38,0.4,0.85,SEMI-CHRONIC,6,1,0.75,"Pipeline Road, Dr Rajkumar Road 17th Cross Junction, Rajaji Nagar, Bengaluru, Ka"
253,13.071681,77.588985,13,Kodigehalli,WRONG PARKING,0.0,30.8,0.0,"[0, 3, 5]",0.0,0.27,0.85,SEMI-CHRONIC,4,2,0.75,"Sahakar Nagar Road, L&T Realty Elara Celestia, Byatarayanapura, Bengaluru, Karna"
50,12.982338,77.610602,10,Shivajinagar,NO PARKING,0.0,10.0,0.0,"[1, 5, 2]",3.41,0.53,0.77,SEMI-CHRONIC,8,1,0.68,"Kamaraj Road, Sri Nagamma Devi Circle, Sivanchetti Gardens, Bengaluru, Karnataka"
334,12.998369,77.581861,13,Sheshadripuram,NO PARKING,0.0,15.4,0.0,"[5, 3, 21]",1.75,0.53,0.76,SEMI-CHRONIC,8,2,0.67,"J Lingaiah Road, Kempanna Block, Seshadripuram, Bengaluru, Karnataka. Pin-560020"
68,12.949959,77.699705,11,HAL Old Airport,PARKING IN A MAIN ROAD,0.0,9.1,0.0,"[22, 21, 20]",3.01,0.33,0.7,SPORADIC,5,1,0.62,"Outer Ring Road, Soulspace Paradigm, Marathahalli Village, Marathahalli, Bengalu"
79,12.934467,77.690405,12,HAL Old Airport,NO PARKING,0.0,25.0,0.0,"[1, 0]",0.0,0.07,0.69,SEMI-CHRONIC,1,1,0.61,"New Horizon College Road, New Horizon College of Engineering, Kadubisanahalli, B"
167,12.841889,77.645917,11,Electronic City,WRONG PARKING,0.0,0.0,0.0,"[7, 1, 4]",4.11,0.53,0.66,SEMI-CHRONIC,8,1,0.58,"Neeladri Road, Ajmera Annex, Karuna Nagar, Doddathogur, Bengaluru, Karnataka. Pi"
298,13.007848,77.571142,12,Malleshwaram,WRONG PARKING,0.0,8.3,0.0,"[3, 0, 2]",2.31,0.47,0.65,SEMI-CHRONIC,7,1,0.57,"Sri Venkataranga Ayangar Road, Malleshwaram 18th Cross Junction, Malleshwaram We"
86,12.912538,77.635225,14,HSR Layout,NO PARKING,0.0,7.1,0.0,"[6, 8, 9]",2.3,0.47,0.65,SEMI-CHRONIC,7,2,0.57,"9th Main Road, Sector 7, HSR Layout, Bengaluru, Karnataka. Pin-560102 (India)"
2,12.966883,77.658087,13,Jeevanbheemanagar,WRONG PARKING,7.7,15.4,0.0,"[3, 4, 0]",0.0,0.13,0.64,SEMI-CHRONIC,2,2,0.56,"1st Cross Road, Jeevan Bima Nagar, Bengaluru, Karnataka. Pin-560075 (India)"
284,13.191586,77.646538,12,Chikkajala,NO PARKING,8.3,0.0,0.0,"[20, 4, 3]",2.39,0.53,0.62,SEMI-CHRONIC,8,1,0.55,"Bengaluru Bellary Road, Sadahalli Gate Junction, Navarathna Agrahara, Bengaluru,"
130,12.957614,77.700981,11,HAL Old Airport,NO PARKING,0.0,0.0,0.0,"[4, 3, 2]",3.64,0.47,0.6,SEMI-CHRONIC,7,1,0.53,"Marathahalli Underpass, Marathahalli, Bengaluru, Karnataka. Pin-560037 (India)"
332,12.975703,77.558813,12,Magadi Road,NO PARKING,0.0,0.0,0.0,"[22, 0, 2]",2.9,0.6,0.56,SEMI-CHRONIC,9,1,0.49,"G Narayana Kumar Road, Block C, KP Agrahara, Bengaluru, Karnataka. Pin-560023 (I"
290,13.071136,77.588145,15,Kodigehalli,WRONG PARKING,0.0,0.0,0.0,"[6, 5, 7]",2.1,0.53,0.51,SEMI-CHRONIC,8,2,0.45,"Sahakar Nagar Road, Fortuna Acacia, Byatarayanapura, Bengaluru, Karnataka. Pin-5"
120,12.995203,77.696174,11,Mahadevapura,WRONG PARKING,0.0,9.1,0.0,"[7, 6]",1.14,0.07,0.47,SEMI-CHRONIC,1,1,0.41,"Whitefield Road, Phoenix Marketcity, Dyavasandra Industrial Estate Phase 2, Maha"
271,12.957549,77.700984,10,HAL Old Airport,NO PARKING,0.0,0.0,0.0,"[2, 16, 3]",2.42,0.27,0.43,SEMI-CHRONIC,4,1,0.38,"Canara Bank, Service Road, Ananda Nagara, Ashwath Nagar, Bengaluru East City Cor"
33,12.998289,77.571081,10,Malleshwaram,WRONG PARKING,0.0,10.0,0.0,"[6, 7]",0.4,0.13,0.41,SEMI-CHRONIC,2,1,0.36,"7th Cross Road, RR Palace, Malleshwaram, Bengaluru, Karnataka. Pin-560003 (India"
143,12.994951,77.589824,10,High ground,WRONG PARKING,0.0,0.0,0.0,"[22, 21]",2.2,0.13,0.39,SEMI-CHRONIC,2,1,0.34,"1st Cross Road, Kumar Park, Vasant Nagar, Bengaluru, Karnataka. Pin-560001 (Indi"
225,12.930011,77.685171,11,HAL Old Airport,PARKING NEAR ROAD CROSSING,0.0,0.0,0.0,[2],0.0,0.07,0.18,SEMI-CHRONIC,1,1,0.16,"Outer Ring Road, Saffron Square, Kariyammana Agrahara, Bengaluru, Karnataka. Pin"
